PK,ID,InputID,ParticleID,SigmaV,Temperature,ScaleFactorID
1,7ca5a4c5-f8fd-4c3e-9dfe-1aa12e048392,269a7cfa-3098-4d1c-b68c-85ed95a79df7,6394aad6-3eba-45bd-9f0b-a445df44622c,2.56696375255462e-39,1000000000000.0,e4e43bd7-7631-45be-843b-e480c5b36412
10,afc85952-693c-4a40-8254-8796d00efc79,269a7cfa-3098-4d1c-b68c-85ed95a79df7,6394aad6-3eba-45bd-9f0b-a445df44622c,2.56696375255462e-39,895044782024.006,de08c64e-2e11-49aa-9dfa-05b3a51f8d3a
15,5cadaf65-f92b-4473-b408-15db3b120880,269a7cfa-3098-4d1c-b68c-85ed95a79df7,6394aad6-3eba-45bd-9f0b-a445df44622c,2.56696375255462e-39,809411334791.072,1e91781a-1cec-445c-8b6c-8563f5994c9d
20,50407c13-cadc-4ea2-b979-fb337153953e,269a7cfa-3098-4d1c-b68c-85ed95a79df7,6394aad6-3eba-45bd-9f0b-a445df44622c,2.56696375255462e-39,697931484375.559,755a0084-3414-44aa-95ea-a71897375508
25,8210131c-b303-4981-886f-f56a9828564f,269a7cfa-3098-4d1c-b68c-85ed95a79df7,6394aad6-3eba-45bd-9f0b-a445df44622c,2.56696375255462e-39,624101188198.453,481ca9a1-a9e3-4b39-835e-3a1380e7a39b
30,40ec8041-461a-40f4-b1db-c7d75227b0a7,269a7cfa-3098-4d1c-b68c-85ed95a79df7,6394aad6-3eba-45bd-9f0b-a445df44622c,2.56696375255462e-39,563398714611.006,ce2ca0b2-2688-40e3-8f87-ed28ebbe0ff0
35,6388364e-823f-4dc9-8b5d-9627d7f2afb4,269a7cfa-3098-4d1c-b68c-85ed95a79df7,6394aad6-3eba-45bd-9f0b-a445df44622c,2.56696375255462e-39,503373131521.27,5c805a55-37d6-45b5-b192-37594feea0bb
40,2db30189-9f18-4c5a-82bd-13765df6a362,269a7cfa-3098-4d1c-b68c-85ed95a79df7,6394aad6-3eba-45bd-9f0b-a445df44622c,2.56696375255462e-39,453232670783.435,8da58610-6ae6-4c42-b5c6-4f1e6102faf8
45,7a541b91-01ab-4994-ac28-360d31ff5fa5,269a7cfa-3098-4d1c-b68c-85ed95a79df7,6394aad6-3eba-45bd-9f0b-a445df44622c,2.56696375255462e-39,403383165559.474,321cef74-54ed-4ab7-8727-26c7b610ffb4
50,7b776c3c-1e44-42db-846c-e9aa67716503,269a7cfa-3098-4d1c-b68c-85ed95a79df7,6394aad6-3eba-45bd-9f0b-a445df44622c,2.56696375255462e-39,361699492671.489,47074a1f-4459-4746-b705-a9f5d6c6143e
55,95ad10f5-d0d8-4b6d-b842-c8e6eb53807f,269a7cfa-3098-4d1c-b68c-85ed95a79df7,6394aad6-3eba-45bd-9f0b-a445df44622c,2.56696375255462e-39,315269118722.192,2d79644f-7892-4953-890a-1283f1b882e0
60,58806f38-55f4-490c-bd22-e5dba7eed971,269a7cfa-3098-4d1c-b68c-85ed95a79df7,6394aad6-3eba-45bd-9f0b-a445df44622c,2.56696375255462e-39,275777999453.199,868d6d0e-ba0a-46ad-963b-5a90c4759e71
65,c26ff9c3-dad5-48cd-a1bd-b7435ec76306,269a7cfa-3098-4d1c-b68c-85ed95a79df7,6394aad6-3eba-45bd-9f0b-a445df44622c,2.56696375255462e-39,237095226237.293,7bcd9dc0-c0c0-4c39-931d-646dc6f8c944
70,aefac3dc-fabe-4ae2-87df-deb79479be95,269a7cfa-3098-4d1c-b68c-85ed95a79df7,6394aad6-3eba-45bd-9f0b-a445df44622c,2.56696375255462e-39,209809755692.171,87149c11-1986-4c11-9141-1ee363516ec1
75,fdb7f098-3474-4b99-b8fd-9f59265c3385,269a7cfa-3098-4d1c-b68c-85ed95a79df7,6394aad6-3eba-45bd-9f0b-a445df44622c,2.56696375255462e-39,184645617568.958,c145e174-cf14-4016-80e8-8190db068d4f
80,3a192677-8363-4bbf-af4e-506da0766e38,269a7cfa-3098-4d1c-b68c-85ed95a79df7,6394aad6-3eba-45bd-9f0b-a445df44622c,2.56696375255462e-39,159930275146.961,90efb9fa-9979-4575-9f82-e00348108524
85,74db8220-0b50-44ee-b389-1c4d75d3ab68,269a7cfa-3098-4d1c-b68c-85ed95a79df7,6394aad6-3eba-45bd-9f0b-a445df44622c,2.56696375255462e-39,140769808049.342,db6e9c45-3aa5-4022-8b99-ecb312f47801
90,735857ad-c0fc-49c6-a2d5-270afa02ca03,269a7cfa-3098-4d1c-b68c-85ed95a79df7,6394aad6-3eba-45bd-9f0b-a445df44622c,2.56696375255462e-39,123633706262.112,b6df617b-1559-4741-bf61-f24a0bd4f092
95,6894e502-a3b8-45e5-924e-7fbed27445c4,269a7cfa-3098-4d1c-b68c-85ed95a79df7,6394aad6-3eba-45bd-9f0b-a445df44622c,2.56696375255462e-39,109135826202.523,21ec1f7d-875f-43cb-a3a1-6fbfcccabf57
100,f7a70c66-09f9-4c9f-94c1-fa112a9e69b1,269a7cfa-3098-4d1c-b68c-85ed95a79df7,6394aad6-3eba-45bd-9f0b-a445df44622c,2.56696375255462e-39,94730252791.7566,34f0594d-b097-4005-9508-e9c250153cef
105,9d0cc458-cbb6-4385-a886-768c8c36165d,269a7cfa-3098-4d1c-b68c-85ed95a79df7,6394aad6-3eba-45bd-9f0b-a445df44622c,2.56696375255462e-39,83227497901.7837,0630f9bf-0b67-4387-a4d7-5f370beac385
110,6c17155b-a38d-4c6c-b907-688719628556,269a7cfa-3098-4d1c-b68c-85ed95a79df7,6394aad6-3eba-45bd-9f0b-a445df44622c,2.56696375255462e-39,72594441778.9196,f5b736ea-3eae-4fcc-b5a6-90eb02358639
115,f863e23d-006c-4bfb-9b38-fcb37ba7e971,269a7cfa-3098-4d1c-b68c-85ed95a79df7,6394aad6-3eba-45bd-9f0b-a445df44622c,2.56696375255462e-39,65589193293.9143,d4e1c10f-d6fe-4216-85fc-db8f111d0680
120,979743a8-8a38-4a7f-9d80-455b85a79740,269a7cfa-3098-4d1c-b68c-85ed95a79df7,6394aad6-3eba-45bd-9f0b-a445df44622c,2.56696375255462e-39,57766190853.9191,63a56a6b-32c7-4794-beb6-5c6da66fc513
125,06c97704-4d86-436f-8618-838adf76222b,269a7cfa-3098-4d1c-b68c-85ed95a79df7,6394aad6-3eba-45bd-9f0b-a445df44622c,2.56696375255462e-39,51873402591.5099,829e84af-f00c-4c3f-9760-d6bcd9e4b7c8
130,41dcc082-2782-4959-b401-8c66442d5021,269a7cfa-3098-4d1c-b68c-85ed95a79df7,6394aad6-3eba-45bd-9f0b-a445df44622c,2.56696375255462e-39,46463998373.9965,c52f124c-63ac-41cb-ac9a-b63ae0ba3082
135,34ed8460-045b-42cc-a6c0-0594a4764018,269a7cfa-3098-4d1c-b68c-85ed95a79df7,6394aad6-3eba-45bd-9f0b-a445df44622c,2.56696375255462e-39,40342327649.8107,5b06289d-55de-4177-a9ad-0e337b8a2123
140,560ada03-1fa4-4d47-8e1e-851dc2ea6231,269a7cfa-3098-4d1c-b68c-85ed95a79df7,6394aad6-3eba-45bd-9f0b-a445df44622c,2.56696375255462e-39,36309577330.2882,9e7a1e65-c9a1-4c90-ad99-44a200fb17be
145,433deeeb-5f66-445b-bd5b-f8a02268e513,269a7cfa-3098-4d1c-b68c-85ed95a79df7,6394aad6-3eba-45bd-9f0b-a445df44622c,2.56696375255462e-39,31201407280.3169,c6e6fd9a-4ac6-445c-873d-98c55f804fdc
150,9e98abfe-8bbd-4037-9fa6-6faaebcd1403,269a7cfa-3098-4d1c-b68c-85ed95a79df7,6394aad6-3eba-45bd-9f0b-a445df44622c,2.56696375255462e-39,28027557205.9388,5c133e85-bde2-4ac6-a086-3e6b5fa3fa9b
155,0577cb0b-f384-4722-9339-b27278341c45,269a7cfa-3098-4d1c-b68c-85ed95a79df7,6394aad6-3eba-45bd-9f0b-a445df44622c,2.60417767552878e-39,24387810926.363,e3fc9632-2649-4ba4-b695-538e70201ae9
160,efabda25-a64c-43d0-b55e-d8892523bd02,269a7cfa-3098-4d1c-b68c-85ed95a79df7,6394aad6-3eba-45bd-9f0b-a445df44622c,2.98365541419209e-39,21997650968.7966,41ce412f-2e0b-4a6c-8d5f-065b1915d8a4
165,fbe6987e-041d-45e7-a9e4-26fccf3e45c3,269a7cfa-3098-4d1c-b68c-85ed95a79df7,6394aad6-3eba-45bd-9f0b-a445df44622c,3.41594572175342e-39,19274848343.2283,30294aa3-c3f0-4dfc-88f7-bc557dadb093
170,d9f70659-ba10-4fbd-8d6f-329a28a5417e,269a7cfa-3098-4d1c-b68c-85ed95a79df7,6394aad6-3eba-45bd-9f0b-a445df44622c,3.71047962473974e-39,17419711481.8583,3f9d7e45-c116-4896-b3b3-fd6fad56bd3b
175,a0784023-26aa-4af9-bccb-ea786eb48345,269a7cfa-3098-4d1c-b68c-85ed95a79df7,6394aad6-3eba-45bd-9f0b-a445df44622c,5.64921350318033e-39,15252275442.97,6ee726e8-8a7c-4bf7-b5a9-9247f9c82d25
180,1033391b-cda4-4a01-9074-8fcb1a57af52,269a7cfa-3098-4d1c-b68c-85ed95a79df7,6394aad6-3eba-45bd-9f0b-a445df44622c,8.11692761759226e-39,13776389431.2292,2a137ba1-e357-475e-a7cf-c517f5ed0db9
185,b8774745-fb64-4960-a947-f515dba34101,269a7cfa-3098-4d1c-b68c-85ed95a79df7,6394aad6-3eba-45bd-9f0b-a445df44622c,1.58647520585181e-38,11951158505.2677,cd1dab95-1e48-4b54-b345-d5b845f7da46
190,601b41d8-2f89-4222-8815-ed0660d88505,269a7cfa-3098-4d1c-b68c-85ed95a79df7,6394aad6-3eba-45bd-9f0b-a445df44622c,2.69228639531989e-38,10762678124.2548,2d093b2b-a446-4bb3-ada2-90db439ff965
195,6fb2603b-84f9-459d-a841-b01829c92fd2,269a7cfa-3098-4d1c-b68c-85ed95a79df7,6394aad6-3eba-45bd-9f0b-a445df44622c,3.65039466007094e-38,9732942771.25054,214751a9-0d17-44eb-a46e-8033a71f621d
200,88c691ee-b379-4314-9e31-76e7dc524922,269a7cfa-3098-4d1c-b68c-85ed95a79df7,6394aad6-3eba-45bd-9f0b-a445df44622c,4.52742862037026e-38,8790342745.83462,06f99ebf-4af5-49bb-81e8-e35ba8669db5
205,f19765c8-fd94-42b1-8122-190c0d75e49a,269a7cfa-3098-4d1c-b68c-85ed95a79df7,6394aad6-3eba-45bd-9f0b-a445df44622c,7.69099839702136e-38,7724052823.71547,27a07214-2285-4e9d-b626-f76962425e16
210,ce2d024d-b879-4dff-8609-165c249fca4f,269a7cfa-3098-4d1c-b68c-85ed95a79df7,6394aad6-3eba-45bd-9f0b-a445df44622c,1.06602362608561e-37,6954646061.15445,95ab38be-c06b-4600-9c54-c5e82838c30d
215,cf88785d-eb45-4e6f-9dce-cf47901272be,269a7cfa-3098-4d1c-b68c-85ed95a79df7,6394aad6-3eba-45bd-9f0b-a445df44622c,1.67357982450469e-37,6233623036.07731,ec87c5a9-65dc-4cb5-8405-c12e6456c852
220,2d44b9cc-1fc9-417c-927a-f6c81452d320,269a7cfa-3098-4d1c-b68c-85ed95a79df7,6394aad6-3eba-45bd-9f0b-a445df44622c,2.70353016279988e-37,5628173827.40095,02fcb7d9-5c5c-413a-ab2e-2498c4badee6
225,bae223ca-c301-4f8b-99ca-1e1a2418e2b6,269a7cfa-3098-4d1c-b68c-85ed95a79df7,6394aad6-3eba-45bd-9f0b-a445df44622c,3.83379771597462e-37,5048452161.57278,1ccd8706-e094-4767-ae2f-8f72255ec227
230,87fe260a-96aa-4545-9e13-83728fd3dd1b,269a7cfa-3098-4d1c-b68c-85ed95a79df7,6394aad6-3eba-45bd-9f0b-a445df44622c,5.62634933503785e-37,4491297468.56016,22ba7de1-fa96-4b42-95d0-fe0bb1f33676
235,ce39a4c8-929a-4239-a9da-b6690b6af7b2,269a7cfa-3098-4d1c-b68c-85ed95a79df7,6394aad6-3eba-45bd-9f0b-a445df44622c,1.07455499459021e-36,4038201314.97295,4e0274d9-9f4d-4655-9635-2546f9d55418
240,33a19978-b8ed-4674-97cf-86eafd8f1799,269a7cfa-3098-4d1c-b68c-85ed95a79df7,6394aad6-3eba-45bd-9f0b-a445df44622c,1.54337117390479e-36,3623256045.71337,76e67568-84c2-4212-a65e-6b2400b9c2b9
245,bd1b0907-d761-4542-ab2e-ba0d30a04602,269a7cfa-3098-4d1c-b68c-85ed95a79df7,6394aad6-3eba-45bd-9f0b-a445df44622c,2.66454546519232e-36,3106441112.54007,09cb3bf5-6436-4b26-a5bd-a215538e035e
250,2ca040ad-b7f4-456b-9b4b-a516ad92fe32,269a7cfa-3098-4d1c-b68c-85ed95a79df7,6394aad6-3eba-45bd-9f0b-a445df44622c,3.56040867867455e-36,2795352537.23067,adcc312f-dd4c-4892-a5dc-16fa93f16a48
255,91665504-462f-4c7d-9abe-62eec40f2133,269a7cfa-3098-4d1c-b68c-85ed95a79df7,6394aad6-3eba-45bd-9f0b-a445df44622c,6.43695230785632e-36,2407063801.76904,18f78e30-51e9-4ed0-9f4d-ea17c0ac1cc1
260,ff19c064-e4f8-4e50-b0d7-207b8dd2d45d,269a7cfa-3098-4d1c-b68c-85ed95a79df7,6394aad6-3eba-45bd-9f0b-a445df44622c,1.18612737568019e-35,2169368815.95848,609f2d69-d8b9-45d0-8fa9-357eaf82e1d1
265,69aab746-7d7a-4e75-bd39-6ace7cabd7af,269a7cfa-3098-4d1c-b68c-85ed95a79df7,6394aad6-3eba-45bd-9f0b-a445df44622c,1.6383906086608e-35,1872467334.31279,991eb306-8975-4962-a7b5-eca4f55e794c
270,c6d66441-0994-43b6-b708-c6d43dbaa9ac,269a7cfa-3098-4d1c-b68c-85ed95a79df7,6394aad6-3eba-45bd-9f0b-a445df44622c,2.98383471122695e-35,1688717333.62402,2e7657e0-53f3-462e-829b-aef88fcea19f
275,726232c0-7c08-4973-b1ce-d55e03437135,269a7cfa-3098-4d1c-b68c-85ed95a79df7,6394aad6-3eba-45bd-9f0b-a445df44622c,5.9119398571938e-35,1443963243.28301,49f217ca-3e62-4431-b0eb-2663c684a74f
280,9fe3079a-ac92-479b-9f57-c741f9bc5f35,269a7cfa-3098-4d1c-b68c-85ed95a79df7,6394aad6-3eba-45bd-9f0b-a445df44622c,8.24981937561236e-35,1303384504.13029,beacbb22-7814-49cf-a6cc-8b91708e24e3
285,f4f816de-0d0c-4d6b-9173-f38a00d6e539,269a7cfa-3098-4d1c-b68c-85ed95a79df7,6394aad6-3eba-45bd-9f0b-a445df44622c,1.39634034051938e-34,1121304700.68537,7c40735f-d64e-4efa-aee0-83e247ce3769
290,6d604e88-90e1-483b-9f68-fe30923e5f37,269a7cfa-3098-4d1c-b68c-85ed95a79df7,6394aad6-3eba-45bd-9f0b-a445df44622c,2.36960870468402e-34,1011821295.77797,7c5637ef-2cd3-4e6e-afa6-f0dbaa9430ba
295,f6d478b4-ce38-44e5-b3f4-15273996dad9,269a7cfa-3098-4d1c-b68c-85ed95a79df7,6394aad6-3eba-45bd-9f0b-a445df44622c,4.46280494446666e-34,864311061.517249,c4771f02-6923-4c0f-872a-dbbfc8e199ab
300,da2d01f9-7065-4ab5-aab2-2b85bc9be0b9,269a7cfa-3098-4d1c-b68c-85ed95a79df7,6394aad6-3eba-45bd-9f0b-a445df44622c,4.7768450843742e-34,777857232.168597,e89a9cea-cdd7-462c-9f82-d14231b9d820
305,c239173a-5fe4-4134-ad1f-3fe8da451635,269a7cfa-3098-4d1c-b68c-85ed95a79df7,6394aad6-3eba-45bd-9f0b-a445df44622c,9.18528453146909e-34,702864004.514618,c87b0bf6-391b-481b-b601-f9785cc9cc09
310,b8c47087-59e9-4194-a845-7c1c4a29f066,269a7cfa-3098-4d1c-b68c-85ed95a79df7,6394aad6-3eba-45bd-9f0b-a445df44622c,1.58407735096813e-33,629910614.379618,f9721f60-962d-4896-b065-5355c2a7380b
315,3a65c5df-1526-4701-ae77-ae01586aa8e4,269a7cfa-3098-4d1c-b68c-85ed95a79df7,6394aad6-3eba-45bd-9f0b-a445df44622c,2.41595158871391e-33,561931022.04143,115325c9-f6e3-42ac-9243-4e9491158e2b
320,6f3640ab-2c40-4b5e-8382-bf7bbea3980f,269a7cfa-3098-4d1c-b68c-85ed95a79df7,6394aad6-3eba-45bd-9f0b-a445df44622c,3.55315143715399e-33,506118702.334518,fe425aae-910e-4927-8ef0-747dc35a5176
325,e7ab8613-23af-419c-9040-4e821dd0d66f,269a7cfa-3098-4d1c-b68c-85ed95a79df7,6394aad6-3eba-45bd-9f0b-a445df44622c,5.58068766795556e-33,455213780.950593,3f1185b8-1352-41ef-a981-778a5075638f
330,7ee75fe5-007a-4b99-955f-60009384c884,269a7cfa-3098-4d1c-b68c-85ed95a79df7,6394aad6-3eba-45bd-9f0b-a445df44622c,9.64821266541264e-33,391428283.075951,d37c6e4a-7aef-4ebf-853f-78ffe52c1006
335,2152fb36-c90a-4d6f-abe0-4861c1562813,269a7cfa-3098-4d1c-b68c-85ed95a79df7,6394aad6-3eba-45bd-9f0b-a445df44622c,1.59125544518696e-32,353613858.686297,031b492a-f68a-4425-b78a-e0c71a450117
340,a29fec8a-1f97-43c7-bb85-11cf3bafd457,269a7cfa-3098-4d1c-b68c-85ed95a79df7,6394aad6-3eba-45bd-9f0b-a445df44622c,2.84520815902646e-32,304671490.199279,2de49e20-adc0-45af-b32d-3a4325111c94
345,714c05ae-dfcf-4db4-9bb9-b566b24152c5,269a7cfa-3098-4d1c-b68c-85ed95a79df7,6394aad6-3eba-45bd-9f0b-a445df44622c,4.29723765191631e-32,275394532.330823,b8c3f097-62c0-4bff-9d48-6c89203fb10d
350,04a1e820-97d0-4c81-a72c-ec56863d6ad9,269a7cfa-3098-4d1c-b68c-85ed95a79df7,6394aad6-3eba-45bd-9f0b-a445df44622c,7.75908581109495e-32,237960966.364118,e4eb84fa-35ed-498d-a512-befbdfab039b
355,80be2f5a-ce63-4f44-ae43-a8ed9d83399b,269a7cfa-3098-4d1c-b68c-85ed95a79df7,6394aad6-3eba-45bd-9f0b-a445df44622c,1.36532774356234e-31,203976892.913998,007e25e9-e48a-4833-9c95-bcf35979194c
360,27235334-08cb-475a-bf77-920e0147727e,269a7cfa-3098-4d1c-b68c-85ed95a79df7,6394aad6-3eba-45bd-9f0b-a445df44622c,2.17319665810015e-31,178921695.922617,e897d630-3c46-4e14-818d-9662fb5513bc
365,8e84ffbc-f355-4e6e-a289-38ed52de7b0b,269a7cfa-3098-4d1c-b68c-85ed95a79df7,6394aad6-3eba-45bd-9f0b-a445df44622c,3.67426526029008e-31,161310349.915553,1fb87994-4e6a-43c6-a620-f18168c12cd6
370,a0484a8c-2038-43ed-8d1b-d1e7f3de1e86,269a7cfa-3098-4d1c-b68c-85ed95a79df7,6394aad6-3eba-45bd-9f0b-a445df44622c,4.75470032024819e-31,144578959.618019,bf601e2e-90b4-4550-9a5f-04465e4c428f
375,70de3a03-e5ab-46c9-b222-65a899a36329,269a7cfa-3098-4d1c-b68c-85ed95a79df7,6394aad6-3eba-45bd-9f0b-a445df44622c,9.99121147521605e-31,125447553.565192,bf9db7ff-fc93-43f6-819c-243ae2b69eeb
380,0942daba-f198-4abc-b625-8af8751377ad,269a7cfa-3098-4d1c-b68c-85ed95a79df7,6394aad6-3eba-45bd-9f0b-a445df44622c,1.53503255432142e-30,112640581.797002,04710dc5-91a6-4c84-8ccd-9b85d70bdc81
385,79e7490a-b1f3-4630-aa8a-626f2d608950,269a7cfa-3098-4d1c-b68c-85ed95a79df7,6394aad6-3eba-45bd-9f0b-a445df44622c,2.45532019973754e-30,97490031.3390521,f25c2b3b-3640-4988-bca9-05f7a35af255
390,304768df-fa7f-490b-a5f8-9c807dbe1b20,269a7cfa-3098-4d1c-b68c-85ed95a79df7,6394aad6-3eba-45bd-9f0b-a445df44622c,4.16380965308131e-30,87675797.4488503,f226d88a-6c37-4042-b821-1bd9a3c1066b
395,11dfa693-20cc-471c-b396-e3087f96e048,269a7cfa-3098-4d1c-b68c-85ed95a79df7,6394aad6-3eba-45bd-9f0b-a445df44622c,6.95949307988331e-30,77117068.8293044,31a9df36-365d-499e-af6f-bedb54076b3e
400,ae92f6e5-0f02-4bdd-b7bf-83bb5ac44027,269a7cfa-3098-4d1c-b68c-85ed95a79df7,6394aad6-3eba-45bd-9f0b-a445df44622c,8.7662629887487e-30,69619158.601113,87cf9144-3364-45b6-88b3-92465bc30aef
405,e36748f2-8a7a-4ad7-90fe-823f9c896bd5,269a7cfa-3098-4d1c-b68c-85ed95a79df7,6394aad6-3eba-45bd-9f0b-a445df44622c,1.49212901895178e-29,62700658.2591097,8f708de1-ed8b-4205-b657-34b8b4ef85f0
410,06f78658-22be-45ca-a1d2-dc2a1a11dcde,269a7cfa-3098-4d1c-b68c-85ed95a79df7,6394aad6-3eba-45bd-9f0b-a445df44622c,2.20957662414872e-29,56497794.3149157,731772ef-3e8c-4bec-bc5d-8a4f6ddb5cc7
415,3e24f9b9-a18c-4b59-b19a-250a83681e20,269a7cfa-3098-4d1c-b68c-85ed95a79df7,6394aad6-3eba-45bd-9f0b-a445df44622c,3.67279314667756e-29,51016834.6077818,5c5cdec1-a6d5-49af-9c67-9d577b04ebf4
420,b92329e8-4ddd-4cc0-ba80-0212bf261603,269a7cfa-3098-4d1c-b68c-85ed95a79df7,6394aad6-3eba-45bd-9f0b-a445df44622c,4.11428391142651e-29,46130834.7483902,b2903483-89fa-40ac-a9e0-769fc3ea024d
425,8d3e5cb2-bfa9-40e7-aef0-965b1341d05f,269a7cfa-3098-4d1c-b68c-85ed95a79df7,6394aad6-3eba-45bd-9f0b-a445df44622c,9.98758175129451e-29,39674184.4039412,cae11405-fcd5-4d62-addb-2b7ec7a8e338
430,b9c06a85-ac3d-43da-9e34-6eec242d520f,269a7cfa-3098-4d1c-b68c-85ed95a79df7,6394aad6-3eba-45bd-9f0b-a445df44622c,1.75079482428655e-28,34529163.7709514,fe9ee14a-8f3a-48c8-959a-81b1c1f30d7b
435,d4f2e398-3f91-4d72-856c-ab8f1eb16287,269a7cfa-3098-4d1c-b68c-85ed95a79df7,6394aad6-3eba-45bd-9f0b-a445df44622c,3.08578964865802e-28,29906998.1586504,efef092b-fbb6-455e-b914-a5881ef08f89
440,a7d452f0-1c80-4573-84c9-f8c11e1afe62,269a7cfa-3098-4d1c-b68c-85ed95a79df7,6394aad6-3eba-45bd-9f0b-a445df44622c,4.92650168222856e-28,26175394.3063329,8c27a1d5-2246-4e2b-a533-035695711797
445,a5b962a6-e401-4f98-86a5-35e74e47291e,269a7cfa-3098-4d1c-b68c-85ed95a79df7,6394aad6-3eba-45bd-9f0b-a445df44622c,9.19428502817505e-28,22776470.4850928,e8185cac-d102-4750-b760-8bd81555a380
450,f50e4040-0f1f-4ce9-98f8-00402de12925,269a7cfa-3098-4d1c-b68c-85ed95a79df7,6394aad6-3eba-45bd-9f0b-a445df44622c,1.46755212570166e-27,19970732.7070846,6499f5ae-09b8-4a1b-aaac-4c5bcf70456a
455,ed2749c7-3a45-494d-b20e-dc21a47cf3a7,269a7cfa-3098-4d1c-b68c-85ed95a79df7,6394aad6-3eba-45bd-9f0b-a445df44622c,2.44293663412724e-27,17337728.0307085,efd9f3be-346f-45f6-8c63-7e09412a4b4e
460,7e8b0268-365c-47dc-8d05-a08a1b066f3b,269a7cfa-3098-4d1c-b68c-85ed95a79df7,6394aad6-3eba-45bd-9f0b-a445df44622c,4.40138963995821e-27,15122709.3385768,2d2853db-18e5-4251-a0c4-c78f75af93c2
465,a8408042-3711-4ac2-8e44-707bd78069dd,269a7cfa-3098-4d1c-b68c-85ed95a79df7,6394aad6-3eba-45bd-9f0b-a445df44622c,8.33295017217995e-27,12996712.6159416,3c0f0c17-992b-4f1f-af0c-373ce504a8a7
470,31571485-65b4-41be-a60d-029270f939fc,269a7cfa-3098-4d1c-b68c-85ed95a79df7,6394aad6-3eba-45bd-9f0b-a445df44622c,1.50265311046579e-26,11253417.9254122,2e8cc50c-4c16-4a48-8460-1ae6591074c9
475,b372f9a8-5b91-4780-823e-b45569b37187,269a7cfa-3098-4d1c-b68c-85ed95a79df7,6394aad6-3eba-45bd-9f0b-a445df44622c,2.11488509194501e-26,9901781.25471793,b62ccc77-73ff-4f0d-8097-e08d98a66d20
480,c884ee8f-1c8e-4e53-8ccc-ac50d8297965,269a7cfa-3098-4d1c-b68c-85ed95a79df7,6394aad6-3eba-45bd-9f0b-a445df44622c,4.71235704636876e-26,8498956.28892403,16389087-87fa-4a58-b64b-96f21940ab26
485,d003becf-b68e-4e6d-8591-e8f6396cb00a,269a7cfa-3098-4d1c-b68c-85ed95a79df7,6394aad6-3eba-45bd-9f0b-a445df44622c,8.63657371211537e-26,7319761.16056975,0d625b14-c5e0-4666-8cfe-84a766191b15
490,23b7d0aa-de03-4c0d-ba1d-e431b89c04e6,269a7cfa-3098-4d1c-b68c-85ed95a79df7,6394aad6-3eba-45bd-9f0b-a445df44622c,1.21543958829003e-25,6424071.45009269,5df45bb8-770f-4c76-acf7-4ff0c98a10ec
495,e11b2ead-3fa8-4e54-b1d1-b34ce343b16d,269a7cfa-3098-4d1c-b68c-85ed95a79df7,6394aad6-3eba-45bd-9f0b-a445df44622c,2.12673546235487e-25,5810664.49858719,812df058-9e31-4347-b53a-1f854c1b067a
500,4708778d-1ead-4f3c-a0f2-fa3216c46bc7,269a7cfa-3098-4d1c-b68c-85ed95a79df7,6394aad6-3eba-45bd-9f0b-a445df44622c,3.50365552645403e-25,5117581.14684584,1f0845cf-b85b-4769-a71c-9b0761980a96
505,dc3e5ef8-c9da-4d06-ba7d-ba92a4d2ffd9,269a7cfa-3098-4d1c-b68c-85ed95a79df7,6394aad6-3eba-45bd-9f0b-a445df44622c,4.95255027236699e-25,4539742.4490757,6199a416-d59e-4229-9a77-e95e45172a33
510,b58ed362-9fc7-4516-9b5b-7256719fd78d,269a7cfa-3098-4d1c-b68c-85ed95a79df7,6394aad6-3eba-45bd-9f0b-a445df44622c,8.5978267073668e-25,4044404.63586402,9c84c9dd-d24b-4f32-8d75-20dd506042a8
515,1836b463-28b4-48fb-97cb-4cf28cc977f0,269a7cfa-3098-4d1c-b68c-85ed95a79df7,6394aad6-3eba-45bd-9f0b-a445df44622c,1.28177404993902e-24,3653094.45647276,42a50480-95c7-424a-9318-1a350596d5a0
520,1e86f15d-e62b-4f31-869d-88e96142cd9a,269a7cfa-3098-4d1c-b68c-85ed95a79df7,6394aad6-3eba-45bd-9f0b-a445df44622c,2.29378240518619e-24,3225127.25279697,862b6fdc-3041-4ef4-ae19-3020fa18b75f
525,8b1606e0-121a-4e84-826a-c27f769f3336,269a7cfa-3098-4d1c-b68c-85ed95a79df7,6394aad6-3eba-45bd-9f0b-a445df44622c,3.14814185369622e-24,2884283.84533835,e432d6c4-aea6-4ccf-a572-c8fdcad5c253
530,63f39887-6b1b-447b-9ee5-dc4a682011ca,269a7cfa-3098-4d1c-b68c-85ed95a79df7,6394aad6-3eba-45bd-9f0b-a445df44622c,5.2931088121332e-24,2605857.88343489,7c946948-4ddf-4efc-8f3c-ee82b73d540d
535,d827e9f0-0c0a-41bd-aa2f-876a30b62e11,269a7cfa-3098-4d1c-b68c-85ed95a79df7,6394aad6-3eba-45bd-9f0b-a445df44622c,8.26830590956502e-24,2318738.64566318,52480373-b37c-4823-86b7-68490ae294de
540,e3fe876e-42ff-4026-b566-cf080a181a23,269a7cfa-3098-4d1c-b68c-85ed95a79df7,6394aad6-3eba-45bd-9f0b-a445df44622c,1.19743874452483e-23,2083809.45520526,620028c1-610b-4876-96a0-dcd86e9a3780
545,3c5019b4-3ea4-4e88-a9ed-e177da4aa8b9,269a7cfa-3098-4d1c-b68c-85ed95a79df7,6394aad6-3eba-45bd-9f0b-a445df44622c,1.93000087365216e-23,1882961.38184968,219272fb-d6aa-4f54-a053-e4c5d3442ab6
550,36bf7d47-eee8-4244-9149-b230bdaa216f,269a7cfa-3098-4d1c-b68c-85ed95a79df7,6394aad6-3eba-45bd-9f0b-a445df44622c,3.11991333494912e-23,1677024.20568817,aaab501f-2b18-424f-8b51-50257e351871
555,a097efdd-59fa-46fc-9c49-dda0d0d3a8bc,269a7cfa-3098-4d1c-b68c-85ed95a79df7,6394aad6-3eba-45bd-9f0b-a445df44622c,4.94338802970894e-23,1496072.94951408,b2abdb04-a596-45f9-b69b-3f86b2d6eeed
560,e658ecae-ac6d-411c-b190-303e922a70d6,269a7cfa-3098-4d1c-b68c-85ed95a79df7,6394aad6-3eba-45bd-9f0b-a445df44622c,5.94224920767472e-23,1327338.63725248,fadd308d-8270-499b-9fe1-24b67d932dd8
565,b971b222-297e-4ab1-8dc7-9d27dd06d15c,269a7cfa-3098-4d1c-b68c-85ed95a79df7,6394aad6-3eba-45bd-9f0b-a445df44622c,1.23819265805487e-22,1182116.4663764,85fe15b8-4159-4bfc-9d13-aa4b8c598d00
570,9049f5b3-5831-4ad8-ab1c-5e6757e177c2,269a7cfa-3098-4d1c-b68c-85ed95a79df7,6394aad6-3eba-45bd-9f0b-a445df44622c,2.00465182050613e-22,1043551.71001701,c8437aab-7f5c-4ca5-ac08-27527b0826da
575,01ec9d28-ee95-4a98-88f0-9bbd7eddc093,269a7cfa-3098-4d1c-b68c-85ed95a79df7,6394aad6-3eba-45bd-9f0b-a445df44622c,2.96813495201112e-22,910397.062524853,96ec3ad3-ed54-4ea7-8849-f3cf298d80e7
580,6d9d005b-ef73-4ae5-a362-04ff062d8d23,269a7cfa-3098-4d1c-b68c-85ed95a79df7,6394aad6-3eba-45bd-9f0b-a445df44622c,6.23064211281364e-22,789450.719412727,987634e2-bcb6-49e7-9aef-7c98d7d7b606
585,270ff846-9b9c-4c8a-8efa-c97f2c1f7665,269a7cfa-3098-4d1c-b68c-85ed95a79df7,6394aad6-3eba-45bd-9f0b-a445df44622c,9.95196668505266e-22,698535.81371899,2780889e-73e4-4b0e-aafb-23cc96a583c9
590,df4a8221-c0da-4b58-85ff-fac8c322e3cf,269a7cfa-3098-4d1c-b68c-85ed95a79df7,6394aad6-3eba-45bd-9f0b-a445df44622c,1.49247520512338e-21,604220.069647664,11097635-734e-46df-9038-09654a09f28b
595,ff9c5cce-9280-4907-8f50-1f1713b91e6e,269a7cfa-3098-4d1c-b68c-85ed95a79df7,6394aad6-3eba-45bd-9f0b-a445df44622c,3.22837996168688e-21,523949.716314571,673426e3-7ff5-4b79-9128-0b4b8affe348
600,b42c511b-24dc-46cb-bdb6-cf0ae758270a,269a7cfa-3098-4d1c-b68c-85ed95a79df7,6394aad6-3eba-45bd-9f0b-a445df44622c,5.10256345360111e-21,464733.658450809,adff5c86-9197-4479-a1bb-752fccbc4cd2
605,87a1e4bf-af91-47b7-8768-14a9de5b7acd,269a7cfa-3098-4d1c-b68c-85ed95a79df7,6394aad6-3eba-45bd-9f0b-a445df44622c,7.55424522034512e-21,408563.88772289,5dedcb30-b19f-4c51-af62-692acdda0bdc
610,5445a481-6a57-4e7f-972f-b81d0fec368e,269a7cfa-3098-4d1c-b68c-85ed95a79df7,6394aad6-3eba-45bd-9f0b-a445df44622c,1.44523648492677e-20,357648.13326988,556e7870-0ab0-452b-92df-1dcf7c239d63
615,4a01d22a-489c-4e0c-954c-83c5dee7b0ae,269a7cfa-3098-4d1c-b68c-85ed95a79df7,6394aad6-3eba-45bd-9f0b-a445df44622c,2.3054067832008e-20,315722.329784631,534f9cd7-67aa-4318-8133-abd4aae82349
620,9ae477c6-b491-4dde-a5c1-7ab41a64a97c,269a7cfa-3098-4d1c-b68c-85ed95a79df7,6394aad6-3eba-45bd-9f0b-a445df44622c,3.84645853230849e-20,275863.179614486,7473e504-54dd-4b0a-bfe4-00ae390f6ddc
625,f25fcf50-d166-41b2-b7d3-d60ca76f0188,269a7cfa-3098-4d1c-b68c-85ed95a79df7,6394aad6-3eba-45bd-9f0b-a445df44622c,6.85104657643118e-20,241566.769019223,54bb30a5-ba85-4d65-b7b1-20f455268c68
630,98c99964-2b3b-49d2-99c1-83e11db378a3,269a7cfa-3098-4d1c-b68c-85ed95a79df7,6394aad6-3eba-45bd-9f0b-a445df44622c,9.69999029423693e-20,211386.483346672,39cbff1b-2993-4a38-b636-d556dd44435a
635,e9c54f5b-947f-414e-9a16-8a2f7d33d03d,269a7cfa-3098-4d1c-b68c-85ed95a79df7,6394aad6-3eba-45bd-9f0b-a445df44622c,1.83529716524324e-19,186275.231901901,3b5beb00-ffbd-41b5-a2ca-1a3c37352615
640,c2a6b6cf-9e4e-4c02-98b8-b1006a5ce398,269a7cfa-3098-4d1c-b68c-85ed95a79df7,6394aad6-3eba-45bd-9f0b-a445df44622c,3.14474248072385e-19,162818.024783747,2ddccd5b-8fe0-45f7-9d16-d4ab02e2361d
645,ba239837-e0d5-4703-aabe-8dd84eadad5d,269a7cfa-3098-4d1c-b68c-85ed95a79df7,6394aad6-3eba-45bd-9f0b-a445df44622c,5.01571844845546e-19,145102.736976363,5e895b64-07d6-487f-9131-beed3c51286f
650,b57db6e3-f7b9-4418-99d6-2cf0499846a3,269a7cfa-3098-4d1c-b68c-85ed95a79df7,6394aad6-3eba-45bd-9f0b-a445df44622c,7.70203101418216e-19,128000.427524825,867cbe54-8632-4a15-a7c4-802ab85b0272
655,0f2fec62-4280-473b-8106-0a6931238838,269a7cfa-3098-4d1c-b68c-85ed95a79df7,6394aad6-3eba-45bd-9f0b-a445df44622c,1.33040054077971e-18,112357.016993935,1237bf39-5892-499c-8f46-1cb046d50563
660,af134769-468d-4698-8585-8af4fe348bf2,269a7cfa-3098-4d1c-b68c-85ed95a79df7,6394aad6-3eba-45bd-9f0b-a445df44622c,2.39215738009824e-18,99443.510355471,aeb1e9ca-ea7c-476d-9a28-f4555f5c439e
665,f17b855f-e836-4353-8c09-b991b77d30bf,269a7cfa-3098-4d1c-b68c-85ed95a79df7,6394aad6-3eba-45bd-9f0b-a445df44622c,5.82464136248279e-18,87157.5362442104,6bf3ff63-daa2-4874-b6eb-d8c269832120
670,f379d313-3f7e-47a5-975f-2e97ebbc9fd9,269a7cfa-3098-4d1c-b68c-85ed95a79df7,6394aad6-3eba-45bd-9f0b-a445df44622c,2.07402038780194e-17,76547.8466655919,af4f70f9-ae7b-4eef-843c-eb54372651bb
675,70af2e87-f906-42c4-a1d6-21523f5d6111,269a7cfa-3098-4d1c-b68c-85ed95a79df7,6394aad6-3eba-45bd-9f0b-a445df44622c,3.39533780885961e-17,67149.0944176361,b4b7a1ee-2d64-4c74-aa0b-e5c5727e6c5c
680,85bd2838-1e3b-4c0f-83ec-8064ad2a2616,269a7cfa-3098-4d1c-b68c-85ed95a79df7,6394aad6-3eba-45bd-9f0b-a445df44622c,4.48525960144572e-17,59396.2980532584,a2d380b0-6714-4b38-a56d-c69845b599cd
685,c7552d52-ad5c-4bfd-808c-3bef1f08074a,269a7cfa-3098-4d1c-b68c-85ed95a79df7,6394aad6-3eba-45bd-9f0b-a445df44622c,5.50897131422614e-17,52114.4650823044,92af0e22-e94d-4f59-ba2c-23015c65153c
690,8954bcaa-2fee-4d24-bfd5-37e02fddd3c0,269a7cfa-3098-4d1c-b68c-85ed95a79df7,6394aad6-3eba-45bd-9f0b-a445df44622c,6.30341831562063e-17,46463.4304245903,d9de2140-7911-4e65-8a40-ed5c8114a6e8
695,726ca496-4925-4e35-a4ab-b5f0564feb21,269a7cfa-3098-4d1c-b68c-85ed95a79df7,6394aad6-3eba-45bd-9f0b-a445df44622c,9.08272966752612e-17,41041.1483592997,2fab11a1-473c-40b0-aac4-b19145277da0
700,704737c7-5a1c-46a3-8eab-66c6a370d721,269a7cfa-3098-4d1c-b68c-85ed95a79df7,6394aad6-3eba-45bd-9f0b-a445df44622c,1.13608397226007e-16,36065.5948672673,496cc206-3c74-4c34-833e-e197d5609314
705,06728284-d58b-4e05-9e9b-590ebbc59b1a,269a7cfa-3098-4d1c-b68c-85ed95a79df7,6394aad6-3eba-45bd-9f0b-a445df44622c,2.34926794574647e-16,31899.4572576809,6b6c2e25-dc30-464f-9c6d-d7cdc844111d
710,99890071-23b1-433a-862d-9204d7eda5a7,269a7cfa-3098-4d1c-b68c-85ed95a79df7,6394aad6-3eba-45bd-9f0b-a445df44622c,3.64895418047005e-16,28017.1127732887,dea8132e-2a41-4ea4-a92c-a94cdebd664d
715,03fa1643-e4f0-4685-a8f1-0574f2bbd14d,269a7cfa-3098-4d1c-b68c-85ed95a79df7,6394aad6-3eba-45bd-9f0b-a445df44622c,7.10634447980157e-16,24985.8304883551,82e59694-d80c-4533-b0c0-3438b03e0bc0
720,b6dd210e-5381-4c1b-96d2-4093e1809451,269a7cfa-3098-4d1c-b68c-85ed95a79df7,6394aad6-3eba-45bd-9f0b-a445df44622c,1.03901092409741e-15,22106.7751643565,8fed539d-97f4-4efd-bcb2-c64eea4c21c9
725,82885512-03b7-41de-a940-613139b7bc28,269a7cfa-3098-4d1c-b68c-85ed95a79df7,6394aad6-3eba-45bd-9f0b-a445df44622c,1.72739942071196e-15,19471.9607160622,0004c62e-081f-4e9f-b5a9-35e25fc01c48
730,653e0db4-a521-49ba-9c0f-e49034b5d1e9,269a7cfa-3098-4d1c-b68c-85ed95a79df7,6394aad6-3eba-45bd-9f0b-a445df44622c,2.13859643206349e-15,17287.7791230338,e3d72ee2-8433-4afa-a7b5-dc01f9751a2c
735,c7cc6717-56c1-460d-98e3-2ec9fbbeeb14,269a7cfa-3098-4d1c-b68c-85ed95a79df7,6394aad6-3eba-45bd-9f0b-a445df44622c,3.98766303420171e-15,15303.2465135498,eb057ae9-e9c6-4a01-a8f8-6f30d4523ea7
740,6f5c46e3-a62d-4d5d-ab9c-53b932779dbf,269a7cfa-3098-4d1c-b68c-85ed95a79df7,6394aad6-3eba-45bd-9f0b-a445df44622c,6.14846455674231e-15,13672.0374646473,8963dfd4-2eca-4927-b9de-476a13fdf2b5
745,438addb4-9d28-4958-a52f-b93dfd739fef,269a7cfa-3098-4d1c-b68c-85ed95a79df7,6394aad6-3eba-45bd-9f0b-a445df44622c,9.68371182409924e-15,12040.7656533618,e65b17fd-dfc2-4715-9b90-59df99943a04
750,e766e5fa-1f2a-4926-9d01-b7b685b74417,269a7cfa-3098-4d1c-b68c-85ed95a79df7,6394aad6-3eba-45bd-9f0b-a445df44622c,1.69142289876814e-14,10834.882154906,a40c5315-d0db-4302-868c-418367b28c30
755,ce07cdde-ddab-4fb8-b9a7-42bc4f1910ba,269a7cfa-3098-4d1c-b68c-85ed95a79df7,6394aad6-3eba-45bd-9f0b-a445df44622c,2.75681698673847e-14,9685.35657580243,8298c423-e01a-4331-8966-2f5230afb3f7
760,7be20834-9e82-49fa-9b8c-7ea7ebcaa128,269a7cfa-3098-4d1c-b68c-85ed95a79df7,6394aad6-3eba-45bd-9f0b-a445df44622c,5.35343665611495e-14,8535.85443874655,4ed77aeb-2e36-4c4a-a144-493e56973845
765,731da142-a330-49b4-8669-17177a6f34fe,269a7cfa-3098-4d1c-b68c-85ed95a79df7,6394aad6-3eba-45bd-9f0b-a445df44622c,5.64842632119462e-14,7664.92471752281,1ac515a4-1c77-4b60-a9f7-601873bb59cb
770,7e795793-7347-42c2-b89d-6e5471392f65,269a7cfa-3098-4d1c-b68c-85ed95a79df7,6394aad6-3eba-45bd-9f0b-a445df44622c,1.08760107071406e-13,6887.99759890682,5bd8a665-14f8-43bd-be77-67bbf5a202d7
775,6f89e3be-a808-4961-b2b9-5ce9b0062370,269a7cfa-3098-4d1c-b68c-85ed95a79df7,6394aad6-3eba-45bd-9f0b-a445df44622c,3.85163582450411e-13,6175.66140171293,9bb65c52-9acb-4b27-8b6d-38b58f5e83cb
780,62bcc8a2-99ae-4d42-bbc0-59dd2731b059,269a7cfa-3098-4d1c-b68c-85ed95a79df7,6394aad6-3eba-45bd-9f0b-a445df44622c,6.84528186080697e-13,5595.72360069907,35ca897f-43b5-44d1-bd34-0a99ae5bdcc6
785,a3b47e79-5b95-4637-9748-79e25cf72ec7,269a7cfa-3098-4d1c-b68c-85ed95a79df7,6394aad6-3eba-45bd-9f0b-a445df44622c,9.72090576103342e-13,5038.6493905163,22c7b1d8-8e7c-4e73-addc-bfb8f496f10f
790,b45e8d70-d0d4-43b1-a53c-9a27007bac28,269a7cfa-3098-4d1c-b68c-85ed95a79df7,6394aad6-3eba-45bd-9f0b-a445df44622c,1.20854894694936e-12,4580.57536988453,ce48b338-2fa2-4932-972f-ba529fa9e568
795,328c4fdc-5f38-4dcf-9350-991fb453bd0e,269a7cfa-3098-4d1c-b68c-85ed95a79df7,6394aad6-3eba-45bd-9f0b-a445df44622c,1.43812562484286e-12,4135.83276462298,295125e4-65c5-4750-9924-775582c58c24
800,ac366109-3bab-40a4-8231-d64a7c9780ff,269a7cfa-3098-4d1c-b68c-85ed95a79df7,6394aad6-3eba-45bd-9f0b-a445df44622c,1.63149654678906e-12,3761.22900087276,c1ebd6b8-369a-4091-a221-12d122e33813
805,bdfec408-7132-41fc-bf64-372ab4d13640,269a7cfa-3098-4d1c-b68c-85ed95a79df7,6394aad6-3eba-45bd-9f0b-a445df44622c,1.81981195103627e-12,3396.41893277588,7d3315b7-4d25-4f4d-94ce-2ec8193ea731
810,a580a5b6-3a01-4cdc-b4f7-36779d7befe3,269a7cfa-3098-4d1c-b68c-85ed95a79df7,6394aad6-3eba-45bd-9f0b-a445df44622c,2.72760292815061e-12,3095.86449667577,aa370910-3aae-4f8d-b7dd-2d3baffe5092
815,c1da61b7-a490-47a0-a13e-38ed59765862,269a7cfa-3098-4d1c-b68c-85ed95a79df7,6394aad6-3eba-45bd-9f0b-a445df44622c,4.05580116650185e-12,2823.97020980272,ae00e842-8824-4dbf-8d9b-b5038a2ac253
820,f2c1cef3-ec79-4094-80ca-45831322b5ea,269a7cfa-3098-4d1c-b68c-85ed95a79df7,6394aad6-3eba-45bd-9f0b-a445df44622c,5.45977430858578e-12,2577.64660980706,4e620a2b-115c-4e21-acfe-66431dec4f94
825,7230db19-87d3-4c2b-b7d1-f0f43c4c11af,269a7cfa-3098-4d1c-b68c-85ed95a79df7,6394aad6-3eba-45bd-9f0b-a445df44622c,7.71358794579679e-12,2348.1452310654,624f3b62-4d66-471a-9102-38c41419fd4f
830,a62d3e71-5dc0-4e2f-a52a-d6b29108da26,269a7cfa-3098-4d1c-b68c-85ed95a79df7,6394aad6-3eba-45bd-9f0b-a445df44622c,1.16181850213132e-11,2122.51538850278,db279772-6822-4544-83af-3a883b4fd165
835,5d42193b-94e5-4316-b661-a6c0053ebed5,269a7cfa-3098-4d1c-b68c-85ed95a79df7,6394aad6-3eba-45bd-9f0b-a445df44622c,1.8567310587143e-11,1931.37802441824,d2ab5890-9c5d-4997-9d17-7c85bf6267cb
840,4f57a7f6-3faf-4a9e-9f4f-f25d2e37c2c6,269a7cfa-3098-4d1c-b68c-85ed95a79df7,6394aad6-3eba-45bd-9f0b-a445df44622c,2.41084574317436e-11,1762.84219771917,a84a0e6a-1ce7-4015-b836-6b172691c651
845,0bbf5ddc-66ac-49e4-8131-fb5d067d8e80,269a7cfa-3098-4d1c-b68c-85ed95a79df7,6394aad6-3eba-45bd-9f0b-a445df44622c,3.52341765194347e-11,1609.7602587088,22848d08-d14f-4f89-b77d-90ca100f58f6
850,ae394644-06d5-44b6-9e8e-02aa19b5ff5b,269a7cfa-3098-4d1c-b68c-85ed95a79df7,6394aad6-3eba-45bd-9f0b-a445df44622c,5.38177744579719e-11,1468.19454386698,1a3260c3-7069-4107-b4c9-2de5472072fa
855,0fd00ca7-4906-4630-9f01-7bd18c5d6db9,269a7cfa-3098-4d1c-b68c-85ed95a79df7,6394aad6-3eba-45bd-9f0b-a445df44622c,7.07744116453995e-11,1339.02265408057,33e84f75-11b8-4aa3-a2ec-5454e41827b2
860,e98c04aa-6e21-4ef7-8bec-25b40e637f73,269a7cfa-3098-4d1c-b68c-85ed95a79df7,6394aad6-3eba-45bd-9f0b-a445df44622c,8.49150680692075e-11,1210.17891289824,4269f165-b0b5-40e1-a313-16fb5950ad95
865,61ad4fc7-be01-4f07-b722-4ac08bb3655e,269a7cfa-3098-4d1c-b68c-85ed95a79df7,6394aad6-3eba-45bd-9f0b-a445df44622c,1.43336986004589e-10,1104.76670733705,f02c4d0a-8594-4c31-99db-422a2a8b08dd
870,e58c3b19-41f5-4ee6-87f1-cc5eb9c46c9c,269a7cfa-3098-4d1c-b68c-85ed95a79df7,6394aad6-3eba-45bd-9f0b-a445df44622c,1.40201106078235e-10,1007.07169855981,52364780-df13-4063-b3b6-47351e1fea35
875,4d5a3eea-0449-4f82-b3f0-b3bb1251aee0,269a7cfa-3098-4d1c-b68c-85ed95a79df7,6394aad6-3eba-45bd-9f0b-a445df44622c,2.73200467907853e-10,921.202160212683,e0a7a885-d20b-4c45-9794-2a51fa379367
880,5efbb856-57cb-4487-85ec-d47481d107fe,269a7cfa-3098-4d1c-b68c-85ed95a79df7,6394aad6-3eba-45bd-9f0b-a445df44622c,3.939120664864e-10,841.377249247065,a52f3624-0e52-4771-927a-8957f8acce5a
885,4eff8bc0-73ab-4cd8-afd3-48f47a65b4b9,269a7cfa-3098-4d1c-b68c-85ed95a79df7,6394aad6-3eba-45bd-9f0b-a445df44622c,5.83829013811543e-10,769.59701789656,b37290f7-a09c-4c23-beda-9ec907a8c8ef
890,be07dece-8e4c-42ee-afe9-1a654fd69683,269a7cfa-3098-4d1c-b68c-85ed95a79df7,6394aad6-3eba-45bd-9f0b-a445df44622c,7.75926959078576e-10,700.751720142622,8be0fdf7-9bd2-46b6-ac5d-0072e7305572
895,e7919794-d7dc-4fb4-99d2-a9bb6c5bde95,269a7cfa-3098-4d1c-b68c-85ed95a79df7,6394aad6-3eba-45bd-9f0b-a445df44622c,1.03333755133769e-09,643.789051835749,32904a6b-e6e5-43c5-8354-a6a8ad346568
900,6c8b14d5-7da0-4019-a2fd-e84c14a0726c,269a7cfa-3098-4d1c-b68c-85ed95a79df7,6394aad6-3eba-45bd-9f0b-a445df44622c,1.43421859497609e-09,589.033018436501,592083d7-2404-43fc-941a-02030359e8b7
905,fd220169-0722-427b-a5af-f3f11dde44ad,269a7cfa-3098-4d1c-b68c-85ed95a79df7,6394aad6-3eba-45bd-9f0b-a445df44622c,1.86029027942468e-09,544.14250430312,eb6864c7-b916-4454-8f73-0df509ef0986
910,4d221dca-1eee-46ee-86c7-474fa14c1e23,269a7cfa-3098-4d1c-b68c-85ed95a79df7,6394aad6-3eba-45bd-9f0b-a445df44622c,2.42433772433886e-09,503.6220537728,c3d1cac2-2439-4f9d-a523-6b659602d09c
915,65e3b526-a7e3-4da0-85b7-2a319fa6880c,269a7cfa-3098-4d1c-b68c-85ed95a79df7,6394aad6-3eba-45bd-9f0b-a445df44622c,3.01517830397556e-09,467.421340380182,832a5722-f89f-41ff-8a74-cbab1816620f
920,e47921f6-7a9a-402a-ab56-84726b88ea1f,269a7cfa-3098-4d1c-b68c-85ed95a79df7,6394aad6-3eba-45bd-9f0b-a445df44622c,3.67937149544625e-09,436.189121969735,ead583c7-3efb-4744-9812-29fc50a0c105
925,41c7fd59-93b4-4775-872a-e3f6ef716c5b,269a7cfa-3098-4d1c-b68c-85ed95a79df7,6394aad6-3eba-45bd-9f0b-a445df44622c,4.88634711527097e-09,408.614296414727,225a7255-57a5-47dc-9155-9d24a1729d78
930,af3de81d-9b7c-470b-99bd-cc0b8119ca99,269a7cfa-3098-4d1c-b68c-85ed95a79df7,6394aad6-3eba-45bd-9f0b-a445df44622c,5.80366261999456e-09,383.562748049236,22b58926-0bc5-4f12-b70f-605e1ebe0c0f
935,f5cf1b7e-bd8d-4642-a5bb-a36b2a498701,269a7cfa-3098-4d1c-b68c-85ed95a79df7,6394aad6-3eba-45bd-9f0b-a445df44622c,6.85310498634011e-09,361.571522732722,855e8dce-52ba-47fe-9714-ce1705aa97b7
940,7f36e43e-60b7-49dd-ae07-3fed3db13d04,269a7cfa-3098-4d1c-b68c-85ed95a79df7,6394aad6-3eba-45bd-9f0b-a445df44622c,7.78746202375701e-09,341.991928088132,95e8ccd6-9917-4c55-964f-1b499d797fda
945,23321e72-c4c7-4964-a80c-1704f0737e4c,269a7cfa-3098-4d1c-b68c-85ed95a79df7,6394aad6-3eba-45bd-9f0b-a445df44622c,1.00993202456123e-08,324.601469512653,f7ea7db4-d4e0-4d6c-a10c-6c296e806863
950,0835f447-e0ee-4b72-816c-016c3565bb98,269a7cfa-3098-4d1c-b68c-85ed95a79df7,6394aad6-3eba-45bd-9f0b-a445df44622c,1.14674314779718e-08,308.866368165631,a1ff22a3-091c-4fc6-80d4-411cbc48eee2
955,0b1b5345-6a3a-4fa9-8f65-df36fe36c690,269a7cfa-3098-4d1c-b68c-85ed95a79df7,6394aad6-3eba-45bd-9f0b-a445df44622c,1.27027027783669e-08,294.659102964495,93e0ab81-d382-4bcc-acc2-786430632c74
960,e1c8b82e-3a9f-44ef-91b0-868e02741edb,269a7cfa-3098-4d1c-b68c-85ed95a79df7,6394aad6-3eba-45bd-9f0b-a445df44622c,1.38388446532387e-08,281.591958186457,622e2182-64c0-4ea5-9018-a16644133ed1
965,a40529d7-cbe0-43f7-ae5d-5da22a5c8c38,269a7cfa-3098-4d1c-b68c-85ed95a79df7,6394aad6-3eba-45bd-9f0b-a445df44622c,1.71462601859726e-08,269.590450024639,b53fca9d-eff3-4b45-96ab-57194f1ccb3f
970,0c0632bf-5126-426b-9865-b7b6e4202290,269a7cfa-3098-4d1c-b68c-85ed95a79df7,6394aad6-3eba-45bd-9f0b-a445df44622c,1.96478364245087e-08,257.945679706873,01535255-95f9-46da-854a-acdd91a19f3f
975,7677bdfa-be14-47cb-a155-2e666fa68356,269a7cfa-3098-4d1c-b68c-85ed95a79df7,6394aad6-3eba-45bd-9f0b-a445df44622c,2.25023824669817e-08,247.556104979036,8aa90aff-5215-45fe-8f31-f4266c173a59
980,70f82e83-b65f-41de-a4b2-ed8a941c7a92,269a7cfa-3098-4d1c-b68c-85ed95a79df7,6394aad6-3eba-45bd-9f0b-a445df44622c,2.50349453142797e-08,237.746967565941,04a73206-4b37-4b1d-90a1-dc8fd669c853
985,47065f44-7e2a-4d19-9173-e42b0d8fe58e,269a7cfa-3098-4d1c-b68c-85ed95a79df7,6394aad6-3eba-45bd-9f0b-a445df44622c,2.80878207932933e-08,228.528988648998,4d18bc59-3942-41f2-b077-3f2c6bf93825
990,ef059252-6539-405b-830c-ca2d84007c73,269a7cfa-3098-4d1c-b68c-85ed95a79df7,6394aad6-3eba-45bd-9f0b-a445df44622c,3.16878558426144e-08,219.329673933683,0374e21e-b50e-4207-9e3a-6407cb854247
995,c99c1b58-6419-4895-9d57-d3579bed784b,269a7cfa-3098-4d1c-b68c-85ed95a79df7,6394aad6-3eba-45bd-9f0b-a445df44622c,3.49469986155021e-08,211.00145499715,2d61b035-89b4-4232-bb02-e51d1fd8043f
1000,42df482d-50b6-4835-8755-490900ab1efb,269a7cfa-3098-4d1c-b68c-85ed95a79df7,6394aad6-3eba-45bd-9f0b-a445df44622c,3.34426567498498e-08,203.012997736431,f76ccbbb-5840-40d9-a149-dfdc329d9fb8
1005,e08a57fa-edb7-4dd1-9992-27d39b5c6e6b,269a7cfa-3098-4d1c-b68c-85ed95a79df7,6394aad6-3eba-45bd-9f0b-a445df44622c,3.43102415367793e-08,195.378280076433,e80190bb-13e2-4a38-8b14-ec0dd420c74e
1010,4054d120-97e6-4b98-8c58-dbf8c51083dc,269a7cfa-3098-4d1c-b68c-85ed95a79df7,6394aad6-3eba-45bd-9f0b-a445df44622c,4.53546095648331e-08,188.151228805837,985e5f9d-aee8-434d-a259-c6ac6d0c80d5
1015,8a0cd464-2306-4b4f-9073-816ce0943d06,269a7cfa-3098-4d1c-b68c-85ed95a79df7,6394aad6-3eba-45bd-9f0b-a445df44622c,4.95325881726556e-08,180.889502759707,2453d042-84d1-49ef-87d3-07ef7e336f2b
1020,ffe2e1ed-d629-4533-ad21-fde28ca6535f,269a7cfa-3098-4d1c-b68c-85ed95a79df7,6394aad6-3eba-45bd-9f0b-a445df44622c,5.58919563860968e-08,174.256611457626,edeb2010-fb9b-4765-9e65-3dd3f7f58ef1
1025,4df65224-b1b1-46dc-9fba-755e71b68f3d,269a7cfa-3098-4d1c-b68c-85ed95a79df7,6394aad6-3eba-45bd-9f0b-a445df44622c,6.11442368388325e-08,167.735095102075,69c6c1e0-41cd-4b93-aef1-e0e3f36f06b0
1030,eaad39d9-38c9-4689-ad5b-9def877ed16b,269a7cfa-3098-4d1c-b68c-85ed95a79df7,6394aad6-3eba-45bd-9f0b-a445df44622c,6.53172485993847e-08,161.590164419141,df8180ad-5c66-4bfd-959d-777c79d88af8
1035,4b226417-1bd7-4ae6-9b59-8e7591f45143,269a7cfa-3098-4d1c-b68c-85ed95a79df7,6394aad6-3eba-45bd-9f0b-a445df44622c,7.25282392126747e-08,155.695114764193,5478dd9c-1586-4253-ad9c-858864d559d2
1040,813ee758-a93c-4b5a-b2f2-98aaa67f1bd8,269a7cfa-3098-4d1c-b68c-85ed95a79df7,6394aad6-3eba-45bd-9f0b-a445df44622c,7.84430453976335e-08,150.023966482485,ed44cd18-64e6-4ec5-bec3-e2951769a784
1045,5a8fe04d-32c5-40ad-b0fa-632e8b088b49,269a7cfa-3098-4d1c-b68c-85ed95a79df7,6394aad6-3eba-45bd-9f0b-a445df44622c,8.53688360732981e-08,144.574298074831,04ca5b7c-5237-4d06-9335-9e276ebeaa46
1050,9830c0f6-16d6-4b56-991d-f5e3a22e434f,269a7cfa-3098-4d1c-b68c-85ed95a79df7,6394aad6-3eba-45bd-9f0b-a445df44622c,9.25169951391129e-08,139.306104684125,1cc5b45e-eea5-4faa-9709-15c9d5363d4e
1055,267267d7-9078-4ac7-87bf-ee09ba430e61,269a7cfa-3098-4d1c-b68c-85ed95a79df7,6394aad6-3eba-45bd-9f0b-a445df44622c,9.95388155676162e-08,134.212849751792,7535ee68-65cb-460c-81bf-3d06e3a8ffb8
1060,080e3604-9111-4200-b012-4e59aa444ff1,269a7cfa-3098-4d1c-b68c-85ed95a79df7,6394aad6-3eba-45bd-9f0b-a445df44622c,1.08013510278201e-07,129.309920602908,8c569288-7274-468d-bcbe-a7840c561940
1065,46d3addf-a784-4676-ae65-9fbfb96014b7,269a7cfa-3098-4d1c-b68c-85ed95a79df7,6394aad6-3eba-45bd-9f0b-a445df44622c,1.15426530953103e-07,124.611200803848,efd612ef-2862-49b1-9f38-13d0d9da76ab
1070,c311a2d6-159f-4d25-b528-57e85fccb04b,269a7cfa-3098-4d1c-b68c-85ed95a79df7,6394aad6-3eba-45bd-9f0b-a445df44622c,1.23842050335923e-07,120.094214950155,bb4b4931-c98e-4a39-a28c-7cca26ca4b62
1075,2456aa26-fa9c-4002-af31-9842acd94e55,269a7cfa-3098-4d1c-b68c-85ed95a79df7,6394aad6-3eba-45bd-9f0b-a445df44622c,1.32605289390838e-07,115.724283827454,83039a80-b21b-4d58-bbd5-57c4a4730dc8
1080,f2a11c38-838b-4783-930a-99d8e75b75b1,269a7cfa-3098-4d1c-b68c-85ed95a79df7,6394aad6-3eba-45bd-9f0b-a445df44622c,1.42688858225793e-07,111.530375068077,b8bce926-433d-4444-983c-90f809a3c727
1085,a76a9dd8-70da-4538-947d-804aa48cd7e9,269a7cfa-3098-4d1c-b68c-85ed95a79df7,6394aad6-3eba-45bd-9f0b-a445df44622c,1.51928823499316e-07,107.501362316835,5b9d16f1-3a51-4a7a-bb94-e817c5e268d0
1090,c721320a-4874-4ee0-ab76-1647962cc68b,269a7cfa-3098-4d1c-b68c-85ed95a79df7,6394aad6-3eba-45bd-9f0b-a445df44622c,1.60626365732419e-07,103.636152628605,450b3532-8012-4829-9bba-8e50f1747027
1095,1e59be99-9886-4e64-9d46-4c9436316c62,269a7cfa-3098-4d1c-b68c-85ed95a79df7,6394aad6-3eba-45bd-9f0b-a445df44622c,1.70638470938552e-07,99.8596596106675,504bddbe-37ba-4bcf-a4b0-b47c278c6cf6
1100,959ffbdd-1908-46e0-84a2-a15bb0200046,269a7cfa-3098-4d1c-b68c-85ed95a79df7,6394aad6-3eba-45bd-9f0b-a445df44622c,1.81494072798952e-07,96.1469287372938,54611a68-f386-47d5-a350-2b3086e35d69
1105,43ba4be7-54b4-4fba-91a5-7eadcc66a49b,269a7cfa-3098-4d1c-b68c-85ed95a79df7,6394aad6-3eba-45bd-9f0b-a445df44622c,1.92189188102752e-07,92.5779061124929,2a1e123d-b4af-4012-9cc3-5c6e7f50d109
1110,b4df4ff7-2665-495d-bae2-8dd97cc74e04,269a7cfa-3098-4d1c-b68c-85ed95a79df7,6394aad6-3eba-45bd-9f0b-a445df44622c,2.03556235956112e-07,89.258395892613,7494d613-3cab-471f-a4d6-875d1646fcbd
1115,83fffad8-a2bd-43b1-81b5-5cbd6a3a0dc2,269a7cfa-3098-4d1c-b68c-85ed95a79df7,6394aad6-3eba-45bd-9f0b-a445df44622c,2.12070889351016e-07,86.0354958176665,07376e48-2dc0-4ae5-82b4-e6f0e767eb42
1120,0f2c2616-e8da-4572-947e-e513aad36e9a,269a7cfa-3098-4d1c-b68c-85ed95a79df7,6394aad6-3eba-45bd-9f0b-a445df44622c,2.24147655011354e-07,82.9555022189409,69414c0c-5c85-4265-90b2-4d6c54458697
1125,931a88a5-4a21-4daa-9ba3-3180f925e418,269a7cfa-3098-4d1c-b68c-85ed95a79df7,6394aad6-3eba-45bd-9f0b-a445df44622c,2.34801568497665e-07,79.9753828668734,df7ad5c4-33fd-41b8-b0b9-ac2bfa60005f
1130,efdb3475-84b0-43f1-854b-61f6113c8662,269a7cfa-3098-4d1c-b68c-85ed95a79df7,6394aad6-3eba-45bd-9f0b-a445df44622c,2.45688402425412e-07,77.0910714380722,c8032a5b-562f-46d2-8b2a-9b48f991250e
1135,0036579e-f712-4b4e-894a-3fcddc3bedf1,269a7cfa-3098-4d1c-b68c-85ed95a79df7,6394aad6-3eba-45bd-9f0b-a445df44622c,2.56149378216195e-07,74.286580073767,54479ebe-badc-46ee-b4a8-b251fd6022e6
1140,82eb18bd-e884-4b9e-a29e-af4eaf80c751,269a7cfa-3098-4d1c-b68c-85ed95a79df7,6394aad6-3eba-45bd-9f0b-a445df44622c,2.66934409468333e-07,71.5876391347581,ee3aab4c-c2e2-4bab-9dd5-de83b034790c
1145,ae71b5d1-8f05-46e2-aa0f-cdc3165d1665,269a7cfa-3098-4d1c-b68c-85ed95a79df7,6394aad6-3eba-45bd-9f0b-a445df44622c,2.77435027232662e-07,68.9985643302061,088916a7-d111-4164-9d7e-bf823eaa3030
1150,fc1b546e-6c22-4750-9411-b343c8fbf236,269a7cfa-3098-4d1c-b68c-85ed95a79df7,6394aad6-3eba-45bd-9f0b-a445df44622c,2.87409409515482e-07,66.539811863454,19a79926-7101-4bc2-8436-11769cf91adf
1155,1c63f0e5-1250-435e-a6c4-c09154cb62e2,269a7cfa-3098-4d1c-b68c-85ed95a79df7,6394aad6-3eba-45bd-9f0b-a445df44622c,2.97715222425966e-07,64.1720392389012,a2321933-deb1-4e85-983e-53f17fc5a2a9
1160,cb24b7da-5312-453a-bff6-1c9dbad486d2,269a7cfa-3098-4d1c-b68c-85ed95a79df7,6394aad6-3eba-45bd-9f0b-a445df44622c,3.07580752986198e-07,61.8958728895842,6ce6d58f-8009-44a5-afb7-3d3e70cb9dd1
1165,4d6c046d-6c2b-42cd-8c49-fa9901144e01,269a7cfa-3098-4d1c-b68c-85ed95a79df7,6394aad6-3eba-45bd-9f0b-a445df44622c,3.17147078363003e-07,59.6950188702796,b82e8994-d69a-43fa-bbd1-9448fd29e501
1170,4a49594a-e13b-4227-842e-9c833fb298a9,269a7cfa-3098-4d1c-b68c-85ed95a79df7,6394aad6-3eba-45bd-9f0b-a445df44622c,3.26628135821356e-07,57.572379156064,bc38212a-6daa-424e-b814-99e93e0de371
1175,47d0b092-56b1-4daa-8f2f-cae09fa572b3,269a7cfa-3098-4d1c-b68c-85ed95a79df7,6394aad6-3eba-45bd-9f0b-a445df44622c,3.34940891043758e-07,55.4691974800118,f0c59c5b-8153-42fd-9d8b-e92ad540eaa9
1180,4b6f71aa-63ca-419c-b9e8-9e42f1b2c6fd,269a7cfa-3098-4d1c-b68c-85ed95a79df7,6394aad6-3eba-45bd-9f0b-a445df44622c,3.43869296027144e-07,53.4522825183502,d180408a-6e66-46e6-99f4-2bbfd52e10ba
1185,26da25b0-77dc-476f-a1a2-33c17e2c7502,269a7cfa-3098-4d1c-b68c-85ed95a79df7,6394aad6-3eba-45bd-9f0b-a445df44622c,3.51556378540763e-07,51.5449196882664,ab86995e-e8c3-477b-9b88-640869fa7671
1190,0f241370-25d6-4bd0-880d-88b9b1826ffd,269a7cfa-3098-4d1c-b68c-85ed95a79df7,6394aad6-3eba-45bd-9f0b-a445df44622c,3.60283015606819e-07,49.713668753021,284ada0d-ca6d-4408-82ab-bfe0ea6cbd06
1195,b60333e3-48dd-4737-b7c9-2bbbf57a57a1,269a7cfa-3098-4d1c-b68c-85ed95a79df7,6394aad6-3eba-45bd-9f0b-a445df44622c,3.65986625431506e-07,47.907841931038,9cc1c920-e3ac-4756-9f16-f8d34c169ea5
1200,610deb20-8cfb-4bf2-9ccb-1ac5eb343602,269a7cfa-3098-4d1c-b68c-85ed95a79df7,6394aad6-3eba-45bd-9f0b-a445df44622c,3.72256315254927e-07,46.1902134152071,b5b9b840-e222-4572-8515-c48b1284a957
1205,70488316-cde3-4a22-a86d-c63a1afc80f6,269a7cfa-3098-4d1c-b68c-85ed95a79df7,6394aad6-3eba-45bd-9f0b-a445df44622c,3.7779544587057e-07,44.5236548471432,3d4e40a8-5a4f-4859-894c-ddebb11285d0
1210,4d9434d7-26e9-4508-a3ee-f1f6c5afde3a,269a7cfa-3098-4d1c-b68c-85ed95a79df7,6394aad6-3eba-45bd-9f0b-a445df44622c,3.8335638066316e-07,42.9122387552273,b8fbfc2e-5b3f-46d6-aef4-331cd957f17e
1215,731cf987-fe3e-41e0-ae48-188a58c4ddf9,269a7cfa-3098-4d1c-b68c-85ed95a79df7,6394aad6-3eba-45bd-9f0b-a445df44622c,3.87480720297762e-07,41.3826983652529,8af424ee-3135-4c61-b62b-e918eb788ca8
1220,ac99a557-6497-4c30-a76f-a19626d4c037,269a7cfa-3098-4d1c-b68c-85ed95a79df7,6394aad6-3eba-45bd-9f0b-a445df44622c,3.91253217266625e-07,39.8289211797121,f5bc5aca-1261-4c9e-a08f-09bcbd27a6ad
1225,79418cc2-0b5c-44f8-b342-019aea8e77de,269a7cfa-3098-4d1c-b68c-85ed95a79df7,6394aad6-3eba-45bd-9f0b-a445df44622c,3.94431704640419e-07,38.3733672199916,f78b0c7d-b9e4-457c-b16b-d8fca94927a2
1230,73761a1c-43c1-46c5-aae5-61cdb0c2eaa1,269a7cfa-3098-4d1c-b68c-85ed95a79df7,6394aad6-3eba-45bd-9f0b-a445df44622c,3.97093312156824e-07,36.9983296546438,2a787138-1fc8-47a8-800a-9e0277fca31d
1235,c3fbed24-63ef-4ddc-9cce-e1c903564ddc,269a7cfa-3098-4d1c-b68c-85ed95a79df7,6394aad6-3eba-45bd-9f0b-a445df44622c,3.99476558232162e-07,35.6434462023389,fc5eb4a8-b91b-4377-8d36-6b915a334612
1240,2ca4cdc7-57ca-46a4-a210-9f889c1c5c3a,269a7cfa-3098-4d1c-b68c-85ed95a79df7,6394aad6-3eba-45bd-9f0b-a445df44622c,4.0104085343647e-07,34.3178968801815,1b1950c1-2698-4a39-bc6b-9d0ef7adba80
1245,dbbdf1cb-8f95-4436-8067-4440494d215f,269a7cfa-3098-4d1c-b68c-85ed95a79df7,6394aad6-3eba-45bd-9f0b-a445df44622c,4.01961831687208e-07,33.0214873267946,e741901e-49ef-4c87-915b-f91679545752
1250,2bf02f5e-fab4-4d93-8127-7a234099c6b7,269a7cfa-3098-4d1c-b68c-85ed95a79df7,6394aad6-3eba-45bd-9f0b-a445df44622c,4.02067790747217e-07,31.4814753429015,7baa1c42-102a-41d8-beb3-3d1bfd3d253d
1255,f9818d0c-83af-4c75-8255-86be7b373e42,269a7cfa-3098-4d1c-b68c-85ed95a79df7,6394aad6-3eba-45bd-9f0b-a445df44622c,4.00925027487001e-07,30.0429019098248,a00aa96c-02d8-48bb-91f5-626af6585715
1260,3572aa91-9220-476a-8185-24c4baeb4e7f,269a7cfa-3098-4d1c-b68c-85ed95a79df7,6394aad6-3eba-45bd-9f0b-a445df44622c,3.99565073460684e-07,28.9454437689224,fb798104-0c44-4c1b-bd57-9a2327ede49d
1265,6aaba7c4-dbfb-4e30-81bf-7f6e0c6aa81b,269a7cfa-3098-4d1c-b68c-85ed95a79df7,6394aad6-3eba-45bd-9f0b-a445df44622c,3.97282863532882e-07,27.8725617336163,42c40fe2-ee1f-4fba-ab7f-640dbcb7e5d1
1270,1a3ea9de-1123-4fb3-a983-60b3621d898c,269a7cfa-3098-4d1c-b68c-85ed95a79df7,6394aad6-3eba-45bd-9f0b-a445df44622c,3.95214592673963e-07,26.8659367967339,208c1210-5b87-47a3-9e2a-f4ec2ec05344
1275,b5dbe42f-3cf7-457a-a55c-60b8fe144b84,269a7cfa-3098-4d1c-b68c-85ed95a79df7,6394aad6-3eba-45bd-9f0b-a445df44622c,3.92513229200692e-07,25.8779801019271,83c5d62e-e499-47bd-ae5e-43720d6c76f7
1280,06e3c58d-c85b-4aba-be9c-3916db3d1277,269a7cfa-3098-4d1c-b68c-85ed95a79df7,6394aad6-3eba-45bd-9f0b-a445df44622c,3.88853605638397e-07,24.8133223790182,689b845a-4f9c-4e52-8f08-732e79a97e8c
1285,903a9d00-60ec-4a8d-84d6-9dc769251dd2,269a7cfa-3098-4d1c-b68c-85ed95a79df7,6394aad6-3eba-45bd-9f0b-a445df44622c,3.85073342618653e-07,23.9032376241565,dd3a92b5-d3bd-4507-b393-40d03b191594
1290,7d91b198-1994-462b-a8a4-61942604f422,269a7cfa-3098-4d1c-b68c-85ed95a79df7,6394aad6-3eba-45bd-9f0b-a445df44622c,3.81243668487856e-07,23.0317894176582,b647da1a-3fc9-4326-89a7-11d48780ed4f
1295,256e1e0a-bf46-4c5f-803b-7a3b23d80e2b,269a7cfa-3098-4d1c-b68c-85ed95a79df7,6394aad6-3eba-45bd-9f0b-a445df44622c,3.75887422701889e-07,22.1909513595525,0535b33b-7981-4be6-964b-6aadc94d0310
1300,4146ff07-74f9-41d3-b855-09947850cd41,269a7cfa-3098-4d1c-b68c-85ed95a79df7,6394aad6-3eba-45bd-9f0b-a445df44622c,3.69957592833501e-07,21.3800892845608,3e00cdc8-1dc9-44d4-8bef-f66f396e6aad
1305,620df9f1-6b95-4b93-bf7f-80f6e058fccc,269a7cfa-3098-4d1c-b68c-85ed95a79df7,6394aad6-3eba-45bd-9f0b-a445df44622c,3.64812672392008e-07,20.6018313042709,716b9ab1-72d0-44d5-945c-44e9030f4344
1310,dd12ce2f-aa39-4154-9731-cbb29f8d4167,269a7cfa-3098-4d1c-b68c-85ed95a79df7,6394aad6-3eba-45bd-9f0b-a445df44622c,3.57884894922537e-07,19.8429500014334,737f1286-03f1-40e9-afed-7999a753e039
1315,85bba3a5-4b8b-4294-a10a-de97bc5988b8,269a7cfa-3098-4d1c-b68c-85ed95a79df7,6394aad6-3eba-45bd-9f0b-a445df44622c,3.51891572733961e-07,19.1195286801249,48e87a2a-e15f-47b7-8420-a93f711a9362
1320,1d46d5f6-c1e6-45de-b9e8-bdeead6a1436,269a7cfa-3098-4d1c-b68c-85ed95a79df7,6394aad6-3eba-45bd-9f0b-a445df44622c,3.4531130088992e-07,18.4206784000196,a7ce6234-7e88-4466-88cb-3fb80db0a8e3
1325,4a36f362-1413-41ba-a475-19bf18dea7c0,269a7cfa-3098-4d1c-b68c-85ed95a79df7,6394aad6-3eba-45bd-9f0b-a445df44622c,3.3850019627004e-07,17.7334268818344,e255ec76-4227-432a-a8ba-cd2cf7f09acf
1330,28c6d2e4-3ef8-433b-84e6-642e1b26b52f,269a7cfa-3098-4d1c-b68c-85ed95a79df7,6394aad6-3eba-45bd-9f0b-a445df44622c,3.30789513004789e-07,17.0760915618022,66582ef9-5241-4e65-89a1-3be90402a2f5
1335,82e6bf08-3691-4b7d-9e14-4e2e8dd6d838,269a7cfa-3098-4d1c-b68c-85ed95a79df7,6394aad6-3eba-45bd-9f0b-a445df44622c,3.23434603156089e-07,16.4532814631522,d8b79939-eaea-4619-ab0d-0ac78f66e257
1340,03bc13ae-2f5c-4669-af61-def33c4f4ebf,269a7cfa-3098-4d1c-b68c-85ed95a79df7,6394aad6-3eba-45bd-9f0b-a445df44622c,3.14343316343723e-07,15.8558912171253,ba873e87-2215-421c-ad29-5fd9a47e8592
1345,d75a1c9e-c95a-472a-bc0f-82d1b3211294,269a7cfa-3098-4d1c-b68c-85ed95a79df7,6394aad6-3eba-45bd-9f0b-a445df44622c,3.05959602992537e-07,15.2816086712409,873b0e2b-3ba8-4a2e-a46f-37f0fdde51ba
1350,2ffddc0f-02b6-4602-841c-27551c71990e,269a7cfa-3098-4d1c-b68c-85ed95a79df7,6394aad6-3eba-45bd-9f0b-a445df44622c,2.97714058297464e-07,14.7055741159303,0ce5f59c-6d98-41f0-8b36-3feec63ddff2
1355,69ef3062-9d95-4c30-978d-dd2662994a6b,269a7cfa-3098-4d1c-b68c-85ed95a79df7,6394aad6-3eba-45bd-9f0b-a445df44622c,2.89324963442298e-07,14.1699505993061,2d7846a5-fc24-4532-851d-2a34f9634d29
1360,18c03bac-afbe-4d4b-b55f-88a4e4a8fe2a,269a7cfa-3098-4d1c-b68c-85ed95a79df7,6394aad6-3eba-45bd-9f0b-a445df44622c,2.80386116609668e-07,13.6505441348551,d4951a87-e9dd-4024-a057-2297ecb663f1
1365,eaa56bca-a826-42c5-aa55-c95fe7dee5e3,269a7cfa-3098-4d1c-b68c-85ed95a79df7,6394aad6-3eba-45bd-9f0b-a445df44622c,2.71842657981357e-07,13.1510210575324,17bdd549-848b-4b5e-8362-51684b351b68
1370,9be08e46-636a-4a5d-abec-4f0a2e065667,269a7cfa-3098-4d1c-b68c-85ed95a79df7,6394aad6-3eba-45bd-9f0b-a445df44622c,2.63111477491586e-07,12.6647772844619,13903d64-34aa-4989-86e6-e7a5c4850bda
1375,71e3335a-bd5b-40ae-ab38-c7f7d4820772,269a7cfa-3098-4d1c-b68c-85ed95a79df7,6394aad6-3eba-45bd-9f0b-a445df44622c,2.54592045821874e-07,12.2054782273241,97d8f5df-16f6-4a03-85a1-2b3e957705bf
1380,7f5e5597-15dc-454b-907c-cc081610feb0,269a7cfa-3098-4d1c-b68c-85ed95a79df7,6394aad6-3eba-45bd-9f0b-a445df44622c,2.45953557329765e-07,11.7583975007827,8a683a2e-e6b2-4708-93f9-b4fa96659b26
1385,7c1d683c-a5c7-4d9c-ab98-5011060f1a23,269a7cfa-3098-4d1c-b68c-85ed95a79df7,6394aad6-3eba-45bd-9f0b-a445df44622c,2.37108226456163e-07,11.3317216591393,5439681e-eb8a-4dd4-af80-166a3c444f53
1390,db8e2aa3-544d-4222-89c7-b2c707987962,269a7cfa-3098-4d1c-b68c-85ed95a79df7,6394aad6-3eba-45bd-9f0b-a445df44622c,2.28299259234019e-07,10.9214344148563,abacad64-79df-439f-b843-16e771a1dfd3
1395,0d7a3d9c-fd57-405b-a7a7-e190de39194d,269a7cfa-3098-4d1c-b68c-85ed95a79df7,6394aad6-3eba-45bd-9f0b-a445df44622c,2.19306360445652e-07,10.5294205452537,2320d0ce-324c-422c-870c-363b4844b936
1400,193b5de1-5a0d-489d-8d5a-accf3e19abd4,269a7cfa-3098-4d1c-b68c-85ed95a79df7,6394aad6-3eba-45bd-9f0b-a445df44622c,2.10640178105602e-07,10.1508278090109,8e9db841-ad96-4af9-8a06-078c7ea5eef2
1405,3c109258-3c8b-47d6-8697-067cd25a4d10,269a7cfa-3098-4d1c-b68c-85ed95a79df7,6394aad6-3eba-45bd-9f0b-a445df44622c,2.0204950579018e-07,9.78563682858827,0bb8aaa3-bce9-41a4-b1fa-2e2ed120ff27
1410,389fbea7-e35c-444a-8016-3d06a5da3022,269a7cfa-3098-4d1c-b68c-85ed95a79df7,6394aad6-3eba-45bd-9f0b-a445df44622c,1.92529755375178e-07,9.40343909551644,1eeb93ec-0f2b-4de1-9abd-20ae08be83a3
1415,2fb1ca5e-6b0a-4ba0-acac-dcdc7e554bd2,269a7cfa-3098-4d1c-b68c-85ed95a79df7,6394aad6-3eba-45bd-9f0b-a445df44622c,1.8422885568574e-07,9.06304294000183,30b3c117-d829-47dc-89f9-5d520d43de3c
1420,90dc8a94-1447-4aa2-af13-fd927cf0644a,269a7cfa-3098-4d1c-b68c-85ed95a79df7,6394aad6-3eba-45bd-9f0b-a445df44622c,1.7491062016581e-07,8.7147901499499,de2824e5-e72c-4c51-bc4e-fa178f33cb19
1425,235a070e-7674-49a6-8b44-0e410304b235,269a7cfa-3098-4d1c-b68c-85ed95a79df7,6394aad6-3eba-45bd-9f0b-a445df44622c,1.66429784842444e-07,8.38617961209059,23ca41fc-628b-49b2-a26e-dd7597a92fa6
1430,0b1329bd-7f21-4f0a-9f13-8e0d33661948,269a7cfa-3098-4d1c-b68c-85ed95a79df7,6394aad6-3eba-45bd-9f0b-a445df44622c,1.58681899613503e-07,8.0919760109704,e7817e5d-42d1-4a6d-b00d-56638999c7b1
1435,b57e8e00-fdcc-44e7-b2e9-7980eb8dd285,269a7cfa-3098-4d1c-b68c-85ed95a79df7,6394aad6-3eba-45bd-9f0b-a445df44622c,1.51754190567828e-07,7.80538878341645,a374132c-8d4f-4344-b2bf-35f8100057fe
1440,85a60efd-a2f7-4d66-9ed3-8392f1e28006,269a7cfa-3098-4d1c-b68c-85ed95a79df7,6394aad6-3eba-45bd-9f0b-a445df44622c,1.43447604765992e-07,7.53409675945937,74774d36-0324-4376-81ca-8520233e090a
1445,01428bf5-28df-40ab-a94d-a1d7cae7ab87,269a7cfa-3098-4d1c-b68c-85ed95a79df7,6394aad6-3eba-45bd-9f0b-a445df44622c,1.35748151959212e-07,7.26660860484431,ee6e38d9-6833-4bda-883a-6f492b7f4173
1450,5bcd64de-e270-477a-a66e-b95584d6dd8f,269a7cfa-3098-4d1c-b68c-85ed95a79df7,6394aad6-3eba-45bd-9f0b-a445df44622c,1.30468646870764e-07,7.01477276063208,2c005f9c-95bc-409f-82e7-21f17b966999
1455,383da3b6-c402-4183-b772-27bebb09658c,269a7cfa-3098-4d1c-b68c-85ed95a79df7,6394aad6-3eba-45bd-9f0b-a445df44622c,1.22549686389477e-07,6.77722313026801,1f434439-9b06-46f4-88e9-aa15865ce121
1460,a898282d-f9bc-4145-b605-cdc4f11d63a0,269a7cfa-3098-4d1c-b68c-85ed95a79df7,6394aad6-3eba-45bd-9f0b-a445df44622c,1.15417262766796e-07,6.54904291629963,d4951d74-fa16-4a64-8640-e35bb7b21fed
1465,036898e8-7e76-4c18-b2c7-46a312ce3f82,269a7cfa-3098-4d1c-b68c-85ed95a79df7,6394aad6-3eba-45bd-9f0b-a445df44622c,1.09635563206316e-07,6.32817681002786,cfc3a614-2f3a-440d-ab05-7cc1f8fc296f
1470,cdda09e2-b33f-42d7-9059-af49258dacf9,269a7cfa-3098-4d1c-b68c-85ed95a79df7,6394aad6-3eba-45bd-9f0b-a445df44622c,1.03794631741649e-07,6.11427427061958,043ad887-a1d1-48a5-a86b-a52715f7e1d1
1475,86a516e9-d190-437f-a3d4-032558cca559,269a7cfa-3098-4d1c-b68c-85ed95a79df7,6394aad6-3eba-45bd-9f0b-a445df44622c,9.77635305878289e-08,5.91389592643613,eea0e84f-3c91-43a7-8001-d9672523d9f9
1480,01189c7c-eeca-4a1e-9371-49197f942c17,269a7cfa-3098-4d1c-b68c-85ed95a79df7,6394aad6-3eba-45bd-9f0b-a445df44622c,9.22277525280263e-08,5.71260390745421,0ad77d59-a34d-42b8-adf1-9f7e4d1c3a57
1485,cc5773f1-a35c-4a98-9843-b50e44535980,269a7cfa-3098-4d1c-b68c-85ed95a79df7,6394aad6-3eba-45bd-9f0b-a445df44622c,8.63626186232884e-08,5.52617997582794,336180d6-7415-4f43-81bd-4cdb008912fb
1490,3f08121a-d0f2-4a88-a2d4-72a3447ef764,269a7cfa-3098-4d1c-b68c-85ed95a79df7,6394aad6-3eba-45bd-9f0b-a445df44622c,8.21852021950039e-08,5.34403206033647,f2461e66-0c6e-447c-b579-f85b87084d4f
1495,22354176-5812-4d65-9a58-9f61b35a1175,269a7cfa-3098-4d1c-b68c-85ed95a79df7,6394aad6-3eba-45bd-9f0b-a445df44622c,7.75003462688852e-08,5.16824476589389,1200eb5c-3ab6-4a0e-aaec-2035a9ae67f2
1500,3d9c0019-832b-4c1b-ae33-07e4c7a466c5,269a7cfa-3098-4d1c-b68c-85ed95a79df7,6394aad6-3eba-45bd-9f0b-a445df44622c,7.31322623945105e-08,4.99983222839696,0c97a599-ee0b-4420-852b-5f7da726c393
1505,75c8ad08-cbbf-4843-8d57-7144644e230a,269a7cfa-3098-4d1c-b68c-85ed95a79df7,6394aad6-3eba-45bd-9f0b-a445df44622c,6.88195254002193e-08,4.83744113164017,0a08b7f6-946c-43bd-a866-22a03f6c3397
1510,1d9cab23-84b2-41da-90b3-0473de5868f2,269a7cfa-3098-4d1c-b68c-85ed95a79df7,6394aad6-3eba-45bd-9f0b-a445df44622c,6.47367520733955e-08,4.68160896225711,4aecb6d8-affb-4afb-9741-03b7fd0644db
1515,c66a25ba-0e7d-4901-9589-839657dc1fea,269a7cfa-3098-4d1c-b68c-85ed95a79df7,6394aad6-3eba-45bd-9f0b-a445df44622c,6.0955470908793e-08,4.52895288782028,fd50dd3f-4c52-4abf-a7d0-338bcf558431
1520,490b01bf-c38f-47e6-98cf-955b5e58fe06,269a7cfa-3098-4d1c-b68c-85ed95a79df7,6394aad6-3eba-45bd-9f0b-a445df44622c,5.72258337098054e-08,4.37652194455884,a00ca775-42df-4dbe-9385-724feec8c086
1525,4834c3e5-ebc7-4b6e-b230-f979bd68bafc,269a7cfa-3098-4d1c-b68c-85ed95a79df7,6394aad6-3eba-45bd-9f0b-a445df44622c,5.40310110464359e-08,4.22854792450546,68126707-27c8-4dda-a8f4-2e0ea9a90d99
1530,e33d91b1-0901-42e6-bf40-54b4e1a27e8c,269a7cfa-3098-4d1c-b68c-85ed95a79df7,6394aad6-3eba-45bd-9f0b-a445df44622c,5.0532857747807e-08,4.08014058053073,7eb78918-fc27-488a-9957-fbabd5041699
1535,418da1c3-1178-4a87-ae05-d77eb450408d,269a7cfa-3098-4d1c-b68c-85ed95a79df7,6394aad6-3eba-45bd-9f0b-a445df44622c,4.70126158124244e-08,3.93488778853555,9a6bca0d-f3a3-4730-b130-c9dd37501de1
1540,6314e6b0-1a0f-4b87-848e-df3c00f84d00,269a7cfa-3098-4d1c-b68c-85ed95a79df7,6394aad6-3eba-45bd-9f0b-a445df44622c,4.41751040839677e-08,3.79497235565955,2eb9137b-10ba-407f-950f-64e7c5891afb
1545,0262b91b-481b-48ce-ab00-9e9e74de3967,269a7cfa-3098-4d1c-b68c-85ed95a79df7,6394aad6-3eba-45bd-9f0b-a445df44622c,4.11448871390697e-08,3.6533211694964,043804e3-6e8a-439d-a33c-7cc8def66041
1550,6cadaa83-0b10-47aa-b8ba-b19c8f05aa62,269a7cfa-3098-4d1c-b68c-85ed95a79df7,6394aad6-3eba-45bd-9f0b-a445df44622c,3.98859662081959e-08,3.51595163679188,a4951ee4-5f9d-4b77-972a-4263f482fe6f
1555,fb9649c1-189f-4869-a129-6b99abf5bdd8,269a7cfa-3098-4d1c-b68c-85ed95a79df7,6394aad6-3eba-45bd-9f0b-a445df44622c,3.58481868190246e-08,3.37910776750352,f89036ec-0eb0-45ce-8fd9-3d47b1d37b29
1560,ce185864-deef-4c13-a828-fcfb2c184a5d,269a7cfa-3098-4d1c-b68c-85ed95a79df7,6394aad6-3eba-45bd-9f0b-a445df44622c,3.44226381381184e-08,3.29699496950868,becbbfc5-ed77-4c00-8e22-3f92d42ab121
1565,4b77da85-9863-46c5-8f78-1e00a6ae2dfd,269a7cfa-3098-4d1c-b68c-85ed95a79df7,6394aad6-3eba-45bd-9f0b-a445df44622c,3.22514947953314e-08,3.16408487164,0337b4ee-3d02-4f9f-b9c5-92c8cf6c395c
1570,727e36b4-d511-4336-b4f4-d0e2f306104d,269a7cfa-3098-4d1c-b68c-85ed95a79df7,6394aad6-3eba-45bd-9f0b-a445df44622c,3.0405734193533e-08,3.0334598557175,e86fe497-5079-4b56-9ca9-d0b56f5cf80a
1575,4039de67-d212-4bdf-b8fa-8fa2ecb025ee,269a7cfa-3098-4d1c-b68c-85ed95a79df7,6394aad6-3eba-45bd-9f0b-a445df44622c,2.82327017502322e-08,2.90157936180248,c52a0fa4-bffb-4a46-a2fb-189afec102dc
1580,5006b397-2e7a-409d-8325-d9a88ff4551b,269a7cfa-3098-4d1c-b68c-85ed95a79df7,6394aad6-3eba-45bd-9f0b-a445df44622c,2.66584414175766e-08,2.77183497160433,b9ef3c0d-259f-4732-9054-0c426bf77b7c
1585,0ebf0d43-2646-4aae-9c84-cf26f110ef02,269a7cfa-3098-4d1c-b68c-85ed95a79df7,6394aad6-3eba-45bd-9f0b-a445df44622c,2.50353135027053e-08,2.64396421821657,eb62d19a-79e4-4c2d-a32f-3f0cf739326c
1590,23c96cda-1b9f-4678-b7b3-232567df9d36,269a7cfa-3098-4d1c-b68c-85ed95a79df7,6394aad6-3eba-45bd-9f0b-a445df44622c,2.36113802727527e-08,2.51790657686443,0882e699-f4da-4858-a55f-39a66ab19d4b
1595,09b24923-a50f-4b85-b610-4e8138ec1c8a,269a7cfa-3098-4d1c-b68c-85ed95a79df7,6394aad6-3eba-45bd-9f0b-a445df44622c,2.24981101588759e-08,2.3956402226977,4c8c3d72-3ec9-4064-ad1b-d68f35c355c0
1600,00c96232-d80e-479b-93d8-5d0864e82745,269a7cfa-3098-4d1c-b68c-85ed95a79df7,6394aad6-3eba-45bd-9f0b-a445df44622c,2.10461041147157e-08,2.27097704359798,47b52b0e-3544-4426-be98-83792c4282d4
1605,4d5de484-e87a-4a22-b77b-992d44ebf00c,269a7cfa-3098-4d1c-b68c-85ed95a79df7,6394aad6-3eba-45bd-9f0b-a445df44622c,2.02719489912686e-08,2.15171377654336,c9a0e95a-0814-4bee-8fc8-5b076d02ffed
1610,88778b22-0e81-460d-8fa9-260849582899,269a7cfa-3098-4d1c-b68c-85ed95a79df7,6394aad6-3eba-45bd-9f0b-a445df44622c,1.95846730471085e-08,2.03661253019508,f6f34fb9-8431-4106-aa6d-1679e5452f26
1615,7c70d3bb-ec85-4059-a108-a64dbd79b28d,269a7cfa-3098-4d1c-b68c-85ed95a79df7,6394aad6-3eba-45bd-9f0b-a445df44622c,1.93442269740536e-08,1.92530416851792,96fc7c5a-19a0-4177-9b18-dc29453792ca
1905,03772a40-366a-4496-a073-b116b4860dcf,269a7cfa-3098-4d1c-b68c-85ed95a79df7,6394aad6-3eba-45bd-9f0b-a445df44622c,1.93442269740536e-08,0.,0a1462cc-82ba-4837-810a-bb2aa6d3cc20
